{"cameraMode":{"drawMode":0,"name":"Shaded","section":"Shading Mode"},"sceneLighting":false,"audioPlay":false,"sceneViewState":{"showFog":false,"showMaterialUpdate":true,"showSkybox":false,"showFlares":true,"showImageEffects":true,"showParticleSystems":true},"in2DMode":false,"pivot":{"x":-1.1972469091415406,"y":0.37926244735717776,"z":-0.6873562335968018},"rotation":{"x":0.021309906616806985,"y":-0.9391084909439087,"z":0.059242308139801028,"w":0.33780437707901},"size":4.357883930206299,"orthographic":false}