{"cameraMode":{"drawMode":0,"name":"Shaded","section":"Shading Mode"},"sceneLighting":false,"audioPlay":false,"sceneViewState":{"showFog":false,"showMaterialUpdate":true,"showSkybox":false,"showFlares":true,"showImageEffects":true,"showParticleSystems":true},"in2DMode":false,"pivot":{"x":-3.5399999618530275,"y":0.9600000381469727,"z":6.860000133514404},"rotation":{"x":0.0001227643369929865,"y":0.9100087285041809,"z":-0.41459840536117556,"w":0.00026953377528116107},"size":7.739187240600586,"orthographic":false}