{"cameraMode":{"drawMode":0,"name":"Shaded","section":"Shading Mode"},"sceneLighting":false,"audioPlay":false,"sceneViewState":{"showFog":false,"showMaterialUpdate":true,"showSkybox":false,"showFlares":true,"showImageEffects":true,"showParticleSystems":true},"in2DMode":false,"pivot":{"x":-1.1639773845672608,"y":0.4679064154624939,"z":0.017181754112243654},"rotation":{"x":0.02684355154633522,"y":-0.7480205297470093,"z":0.0303114615380764,"w":0.6624397039413452},"size":4.357883930206299,"orthographic":false}